-- phpMyAdmin SQL Dump
-- version 5.2.0
-- https://www.phpmyadmin.net/
--
-- Host: localhost:8889
-- Generation Time: Aug 17, 2024 at 02:55 PM
-- Server version: 5.7.39
-- PHP Version: 8.2.0

SET SQL_MODE = "NO_AUTO_VALUE_ON_ZERO";
START TRANSACTION;
SET time_zone = "+00:00";


/*!40101 SET @OLD_CHARACTER_SET_CLIENT=@@CHARACTER_SET_CLIENT */;
/*!40101 SET @OLD_CHARACTER_SET_RESULTS=@@CHARACTER_SET_RESULTS */;
/*!40101 SET @OLD_COLLATION_CONNECTION=@@COLLATION_CONNECTION */;
/*!40101 SET NAMES utf8mb4 */;

--
-- Database: `Cinephoria`
--

-- --------------------------------------------------------

--
-- Table structure for table `avis`
--

CREATE TABLE `avis` (
  `id` int(11) NOT NULL,
  `utilisateur_id` int(11) DEFAULT NULL,
  `film_id` int(11) DEFAULT NULL,
  `note` int(11) NOT NULL,
  `description` longtext COLLATE utf8mb4_unicode_ci,
  `valide` tinyint(1) NOT NULL
) ENGINE=InnoDB DEFAULT CHARSET=utf8mb4 COLLATE=utf8mb4_unicode_ci;

--
-- Dumping data for table `avis`
--

INSERT INTO `avis` (`id`, `utilisateur_id`, `film_id`, `note`, `description`, `valide`) VALUES
(10, 2, 126, 5, 'Incroyable !', 1);

-- --------------------------------------------------------

--
-- Table structure for table `cinema`
--

CREATE TABLE `cinema` (
  `id` int(11) NOT NULL,
  `nom` varchar(255) COLLATE utf8mb4_unicode_ci NOT NULL,
  `adresse` varchar(255) COLLATE utf8mb4_unicode_ci NOT NULL,
  `gsm` varchar(255) COLLATE utf8mb4_unicode_ci NOT NULL
) ENGINE=InnoDB DEFAULT CHARSET=utf8mb4 COLLATE=utf8mb4_unicode_ci;

--
-- Dumping data for table `cinema`
--

INSERT INTO `cinema` (`id`, `nom`, `adresse`, `gsm`) VALUES
(1, 'Cinéphoria de Nantes', '12 Pl. du Commerce, Nantes', '04 94 11 11 11'),
(2, 'Cinéphoria de Bordeaux', '15 Rue Georges Bonnac, Bordeaux', '04 94 12 12 12'),
(3, 'Cinéphoria de Paris', '83 Bd du Montparnasse, Paris', '04 94 13 13 13'),
(4, 'Cinéphoria de Toulouse', '3 Pl. du Président Thomas Wilson, Toulouse', '04 94 14 14 14'),
(5, 'Cinéphoria de Lille', '26 Rue des Ponts de Comines, Lille', '04 94 15 15 15'),
(6, 'Cinéphoria de Charleroi', 'Quai Arthur Rimbaud 10, 6000 Charleroi', '04 94 16 16 16'),
(7, 'Cinéphoria de Liège', 'Pl. Xavier-Neujean 14, 4000 Liège', '04 94 17 17 17');

-- --------------------------------------------------------

--
-- Table structure for table `commande`
--

CREATE TABLE `commande` (
  `id` int(11) NOT NULL,
  `utilisateur_id` int(11) NOT NULL,
  `statut` varchar(255) COLLATE utf8mb4_unicode_ci NOT NULL
) ENGINE=InnoDB DEFAULT CHARSET=utf8mb4 COLLATE=utf8mb4_unicode_ci;

--
-- Dumping data for table `commande`
--

INSERT INTO `commande` (`id`, `utilisateur_id`, `statut`) VALUES
(92, 2, 'Confirmé'),
(93, 2, 'Confirmé'),
(94, 2, 'Confirmé'),
(95, 2, 'Confirmé'),
(96, 2, 'Confirmé'),
(97, 2, 'Confirmé'),
(98, 2, 'Confirmé'),
(99, 3, 'Confirmé'),
(100, 3, 'Confirmé'),
(101, 2, 'Confirmé'),
(102, 2, 'Confirmé'),
(103, 2, 'Confirmé'),
(104, 2, 'Confirmé'),
(105, 1, 'Confirmé'),
(106, 3, 'Confirmé'),
(107, 3, 'Confirmé'),
(108, 3, 'Confirmé'),
(109, 2, 'Confirmé');

-- --------------------------------------------------------

--
-- Table structure for table `diffusion`
--

CREATE TABLE `diffusion` (
  `id` int(11) NOT NULL,
  `cinemas_id` int(11) NOT NULL,
  `films_id` int(11) NOT NULL
) ENGINE=InnoDB DEFAULT CHARSET=utf8mb4 COLLATE=utf8mb4_unicode_ci;

--
-- Dumping data for table `diffusion`
--

INSERT INTO `diffusion` (`id`, `cinemas_id`, `films_id`) VALUES
(127, 1, 126),
(128, 2, 127),
(129, 3, 128),
(130, 4, 129),
(131, 5, 130),
(132, 6, 131),
(133, 7, 132);

-- --------------------------------------------------------

--
-- Table structure for table `doctrine_migration_versions`
--

CREATE TABLE `doctrine_migration_versions` (
  `version` varchar(191) COLLATE utf8_unicode_ci NOT NULL,
  `executed_at` datetime DEFAULT NULL,
  `execution_time` int(11) DEFAULT NULL
) ENGINE=InnoDB DEFAULT CHARSET=utf8 COLLATE=utf8_unicode_ci;

--
-- Dumping data for table `doctrine_migration_versions`
--

INSERT INTO `doctrine_migration_versions` (`version`, `executed_at`, `execution_time`) VALUES
('DoctrineMigrations\\Version20240516122327', '2024-06-12 15:13:44', 192),
('DoctrineMigrations\\Version20240516132516', '2024-06-12 15:13:44', 41),
('DoctrineMigrations\\Version20240523223623', '2024-06-12 15:13:44', 8),
('DoctrineMigrations\\Version20240528213107', '2024-06-12 15:13:44', 6),
('DoctrineMigrations\\Version20240529114400', '2024-06-12 15:13:44', 3),
('DoctrineMigrations\\Version20240530202707', '2024-06-12 15:13:44', 7),
('DoctrineMigrations\\Version20240601101002', '2024-06-12 15:13:44', 8),
('DoctrineMigrations\\Version20240607141153', '2024-06-12 15:13:44', 15),
('DoctrineMigrations\\Version20240607141434', '2024-06-12 15:13:44', 8),
('DoctrineMigrations\\Version20240607141650', '2024-06-12 15:13:44', 8),
('DoctrineMigrations\\Version20240607152739', '2024-06-12 15:13:44', 10),
('DoctrineMigrations\\Version20240612135332', '2024-06-12 15:13:44', 49),
('DoctrineMigrations\\Version20240612142615', '2024-06-12 15:24:44', 53),
('DoctrineMigrations\\Version20240612143302', '2024-06-12 15:24:44', 0),
('DoctrineMigrations\\Version20240612152509', '2024-06-12 15:25:21', 42),
('DoctrineMigrations\\Version20240612153436', '2024-06-12 15:34:44', 50),
('DoctrineMigrations\\Version20240613144548', '2024-06-13 14:45:53', 77),
('DoctrineMigrations\\Version20240702131902', '2024-07-02 13:19:10', 117),
('DoctrineMigrations\\Version20240702134613', '2024-07-02 13:46:22', 36),
('DoctrineMigrations\\Version20240702134722', '2024-07-02 13:47:26', 30),
('DoctrineMigrations\\Version20240702140514', '2024-07-02 14:05:20', 29),
('DoctrineMigrations\\Version20240708103304', '2024-07-08 10:33:13', 69),
('DoctrineMigrations\\Version20240801082551', '2024-08-01 08:25:59', 64),
('DoctrineMigrations\\Version20240802223640', '2024-08-02 22:36:49', 70),
('DoctrineMigrations\\Version20240802223907', '2024-08-02 22:39:13', 55),
('DoctrineMigrations\\Version20240806224926', '2024-08-06 22:49:32', 36);

-- --------------------------------------------------------

--
-- Table structure for table `film`
--

CREATE TABLE `film` (
  `id` int(11) NOT NULL,
  `titre` varchar(255) COLLATE utf8mb4_unicode_ci NOT NULL,
  `description` longtext COLLATE utf8mb4_unicode_ci NOT NULL,
  `age_minimum` int(11) DEFAULT NULL,
  `coup_de_coeur` tinyint(1) NOT NULL,
  `note` int(11) DEFAULT NULL,
  `affichage` varchar(255) COLLATE utf8mb4_unicode_ci NOT NULL,
  `id_image` varchar(255) COLLATE utf8mb4_unicode_ci NOT NULL,
  `genre` varchar(255) COLLATE utf8mb4_unicode_ci DEFAULT NULL
) ENGINE=InnoDB DEFAULT CHARSET=utf8mb4 COLLATE=utf8mb4_unicode_ci;

--
-- Dumping data for table `film`
--

INSERT INTO `film` (`id`, `titre`, `description`, `age_minimum`, `coup_de_coeur`, `note`, `affichage`, `id_image`, `genre`) VALUES
(126, 'Deadpool & Wolverine', 'Wolverine se remet de ses blessures lorsqu\'il croise le chemin de la grande gueule, Deadpool, qui a voyagé dans le temps pour le soigner dans l\'espoir de devenir amis et de faire équipe pour vaincre un ennemi commun.', 12, 0, NULL, '/Applications/MAMP/tmp/php/phpsGNOuZ', '66c0b8d022fd5.jpg', 'Fantastique'),
(127, 'Deadpool & Wolverine', 'Wolverine se remet de ses blessures lorsqu\'il croise le chemin de la grande gueule, Deadpool, qui a voyagé dans le temps pour le soigner dans l\'espoir de devenir amis et de faire équipe pour vaincre un ennemi commun.', 12, 1, NULL, '/Applications/MAMP/tmp/php/phppTtSR6', '66c0b8f166e88.jpg', 'Fantastique'),
(128, 'Deadpool & Wolverine', 'Wolverine se remet de ses blessures lorsqu\'il croise le chemin de la grande gueule, Deadpool, qui a voyagé dans le temps pour le soigner dans l\'espoir de devenir amis et de faire équipe pour vaincre un ennemi commun.', 12, 0, NULL, '/Applications/MAMP/tmp/php/phpwLVUs1', '66c0b911dbb3b.jpg', 'Fantastique'),
(129, 'Deadpool & Wolverine', 'Wolverine se remet de ses blessures lorsqu\'il croise le chemin de la grande gueule, Deadpool, qui a voyagé dans le temps pour le soigner dans l\'espoir de devenir amis et de faire équipe pour vaincre un ennemi commun.', 12, 0, NULL, '/Applications/MAMP/tmp/php/phpz9Wwjk', '66c0b92dcd3f4.jpg', 'Comédie'),
(130, 'Deadpool & Wolverine', 'Wolverine se remet de ses blessures lorsqu\'il croise le chemin de la grande gueule, Deadpool, qui a voyagé dans le temps pour le soigner dans l\'espoir de devenir amis et de faire équipe pour vaincre un ennemi commun.', 12, 0, NULL, '/Applications/MAMP/tmp/php/phpYgqo7l', '66c0b951e2c88.jpg', 'Fantastique'),
(131, 'Deadpool & Wolverine', 'Wolverine se remet de ses blessures lorsqu\'il croise le chemin de la grande gueule, Deadpool, qui a voyagé dans le temps pour le soigner dans l\'espoir de devenir amis et de faire équipe pour vaincre un ennemi commun.', 12, 0, NULL, '/Applications/MAMP/tmp/php/phpEaU7jF', '66c0b9893fb51.jpg', 'Fantastique'),
(132, 'Deadpool & Wolverine', 'Wolverine se remet de ses blessures lorsqu\'il croise le chemin de la grande gueule, Deadpool, qui a voyagé dans le temps pour le soigner dans l\'espoir de devenir amis et de faire équipe pour vaincre un ennemi commun.', 12, 0, NULL, '/Applications/MAMP/tmp/php/phpgcpjPo', '66c0b9a74b753.jpg', 'Fantastique');

-- --------------------------------------------------------

--
-- Table structure for table `horaire`
--

CREATE TABLE `horaire` (
  `id` int(11) NOT NULL,
  `salle_id` int(11) NOT NULL,
  `jour` varchar(255) COLLATE utf8mb4_unicode_ci NOT NULL,
  `debut` time NOT NULL,
  `fin` time NOT NULL
) ENGINE=InnoDB DEFAULT CHARSET=utf8mb4 COLLATE=utf8mb4_unicode_ci;

--
-- Dumping data for table `horaire`
--

INSERT INTO `horaire` (`id`, `salle_id`, `jour`, `debut`, `fin`) VALUES
(1, 1, 'Lundi', '09:00:00', '10:00:00'),
(2, 1, 'Lundi', '11:00:00', '12:00:00'),
(3, 1, 'Lundi', '13:00:00', '14:00:00'),
(4, 1, 'Lundi', '15:00:00', '16:00:00'),
(5, 1, 'Lundi', '17:00:00', '18:00:00'),
(6, 1, 'Mardi', '09:00:00', '10:00:00'),
(7, 1, 'Mardi', '11:00:00', '12:00:00'),
(8, 1, 'Mardi', '13:00:00', '14:00:00'),
(9, 1, 'Mardi', '15:00:00', '16:00:00'),
(10, 1, 'Mardi', '17:00:00', '18:00:00'),
(11, 1, 'Mercredi', '09:00:00', '10:00:00'),
(12, 1, 'Mercredi', '11:00:00', '12:00:00'),
(13, 1, 'Mercredi', '13:00:00', '14:00:00'),
(14, 1, 'Mercredi', '15:00:00', '16:00:00'),
(15, 1, 'Mercredi', '17:00:00', '18:00:00'),
(16, 1, 'Jeudi', '09:00:00', '10:00:00'),
(17, 1, 'Jeudi', '11:00:00', '12:00:00'),
(18, 1, 'Jeudi', '13:00:00', '14:00:00'),
(19, 1, 'Jeudi', '15:00:00', '16:00:00'),
(20, 1, 'Jeudi', '17:00:00', '18:00:00'),
(21, 1, 'Vendredi', '09:00:00', '10:00:00'),
(22, 1, 'Vendredi', '11:00:00', '12:00:00'),
(23, 1, 'Vendredi', '13:00:00', '14:00:00'),
(24, 1, 'Vendredi', '15:00:00', '16:00:00'),
(25, 1, 'Vendredi', '17:00:00', '18:00:00'),
(26, 1, 'Samedi', '09:00:00', '10:00:00'),
(27, 1, 'Samedi', '11:00:00', '12:00:00'),
(28, 1, 'Samedi', '13:00:00', '14:00:00'),
(29, 1, 'Samedi', '15:00:00', '16:00:00'),
(30, 1, 'Samedi', '17:00:00', '18:00:00'),
(31, 1, 'Dimanche', '09:00:00', '10:00:00'),
(32, 1, 'Dimanche', '11:00:00', '12:00:00'),
(33, 1, 'Dimanche', '13:00:00', '14:00:00'),
(34, 1, 'Dimanche', '15:00:00', '16:00:00'),
(36, 2, 'Lundi', '09:00:00', '10:00:00'),
(37, 2, 'Lundi', '11:00:00', '12:00:00'),
(38, 2, 'Lundi', '13:00:00', '14:00:00'),
(39, 2, 'Lundi', '15:00:00', '16:00:00'),
(40, 2, 'Lundi', '17:00:00', '18:00:00'),
(41, 2, 'Mardi', '09:00:00', '10:00:00'),
(42, 2, 'Mardi', '11:00:00', '12:00:00'),
(43, 2, 'Mardi', '13:00:00', '14:00:00'),
(44, 2, 'Mardi', '15:00:00', '16:00:00'),
(45, 2, 'Mardi', '17:00:00', '18:00:00'),
(46, 2, 'Mercredi', '09:00:00', '10:00:00'),
(47, 2, 'Mercredi', '11:00:00', '12:00:00'),
(48, 2, 'Mercredi', '13:00:00', '14:00:00'),
(50, 2, 'Mercredi', '17:00:00', '18:00:00'),
(51, 2, 'Jeudi', '09:00:00', '10:00:00'),
(52, 2, 'Jeudi', '11:00:00', '12:00:00'),
(53, 2, 'Jeudi', '13:00:00', '14:00:00'),
(54, 2, 'Jeudi', '15:00:00', '16:00:00'),
(55, 2, 'Jeudi', '17:00:00', '18:00:00'),
(57, 2, 'Vendredi', '11:00:00', '12:00:00'),
(58, 2, 'Vendredi', '13:00:00', '14:00:00'),
(59, 2, 'Vendredi', '15:00:00', '16:00:00'),
(60, 2, 'Vendredi', '17:00:00', '18:00:00'),
(61, 2, 'Samedi', '09:00:00', '10:00:00'),
(62, 2, 'Samedi', '11:00:00', '12:00:00'),
(63, 2, 'Samedi', '13:00:00', '14:00:00'),
(64, 2, 'Samedi', '15:00:00', '16:00:00'),
(65, 2, 'Samedi', '17:00:00', '18:00:00'),
(66, 2, 'Dimanche', '09:00:00', '10:00:00'),
(67, 2, 'Dimanche', '11:00:00', '12:00:00'),
(71, 3, 'Lundi', '09:00:00', '10:00:00'),
(72, 3, 'Lundi', '11:00:00', '12:00:00'),
(73, 3, 'Lundi', '13:00:00', '14:00:00'),
(74, 3, 'Lundi', '15:00:00', '16:00:00'),
(75, 3, 'Lundi', '17:00:00', '18:00:00'),
(76, 3, 'Mardi', '09:00:00', '10:00:00'),
(77, 3, 'Mardi', '11:00:00', '12:00:00'),
(78, 3, 'Mardi', '13:00:00', '14:00:00'),
(79, 3, 'Mardi', '15:00:00', '16:00:00'),
(80, 3, 'Mardi', '17:00:00', '18:00:00'),
(81, 3, 'Mercredi', '09:00:00', '10:00:00'),
(82, 3, 'Mercredi', '11:00:00', '12:00:00'),
(83, 3, 'Mercredi', '13:00:00', '14:00:00'),
(84, 3, 'Mercredi', '15:00:00', '16:00:00'),
(85, 3, 'Mercredi', '17:00:00', '18:00:00'),
(86, 3, 'Jeudi', '09:00:00', '10:00:00'),
(87, 3, 'Jeudi', '11:00:00', '12:00:00'),
(88, 3, 'Jeudi', '13:00:00', '14:00:00'),
(89, 3, 'Jeudi', '15:00:00', '16:00:00'),
(90, 3, 'Jeudi', '17:00:00', '18:00:00'),
(91, 3, 'Vendredi', '09:00:00', '10:00:00'),
(92, 3, 'Vendredi', '11:00:00', '12:00:00'),
(93, 3, 'Vendredi', '13:00:00', '14:00:00'),
(94, 3, 'Vendredi', '15:00:00', '16:00:00'),
(95, 3, 'Vendredi', '17:00:00', '18:00:00'),
(96, 3, 'Samedi', '09:00:00', '10:00:00'),
(97, 3, 'Samedi', '11:00:00', '12:00:00'),
(98, 3, 'Samedi', '13:00:00', '14:00:00'),
(99, 3, 'Samedi', '15:00:00', '16:00:00'),
(100, 3, 'Samedi', '17:00:00', '18:00:00'),
(101, 3, 'Dimanche', '09:00:00', '10:00:00'),
(102, 3, 'Dimanche', '11:00:00', '12:00:00'),
(103, 3, 'Dimanche', '13:00:00', '14:00:00'),
(104, 3, 'Dimanche', '15:00:00', '16:00:00'),
(105, 3, 'Dimanche', '17:00:00', '18:00:00'),
(106, 4, 'Lundi', '09:00:00', '10:00:00'),
(107, 4, 'Lundi', '11:00:00', '12:00:00'),
(108, 4, 'Lundi', '13:00:00', '14:00:00'),
(109, 4, 'Lundi', '15:00:00', '16:00:00'),
(110, 4, 'Lundi', '17:00:00', '18:00:00'),
(111, 4, 'Mardi', '09:00:00', '10:00:00'),
(112, 4, 'Mardi', '11:00:00', '12:00:00'),
(113, 4, 'Mardi', '13:00:00', '14:00:00'),
(114, 4, 'Mardi', '15:00:00', '16:00:00'),
(115, 4, 'Mardi', '17:00:00', '18:00:00'),
(116, 4, 'Mercredi', '09:00:00', '10:00:00'),
(117, 4, 'Mercredi', '11:00:00', '12:00:00'),
(118, 4, 'Mercredi', '13:00:00', '14:00:00'),
(119, 4, 'Mercredi', '15:00:00', '16:00:00'),
(120, 4, 'Mercredi', '17:00:00', '18:00:00'),
(121, 4, 'Jeudi', '09:00:00', '10:00:00'),
(122, 4, 'Jeudi', '11:00:00', '12:00:00'),
(123, 4, 'Jeudi', '13:00:00', '14:00:00'),
(124, 4, 'Jeudi', '15:00:00', '16:00:00'),
(125, 4, 'Jeudi', '17:00:00', '18:00:00'),
(126, 4, 'Vendredi', '09:00:00', '10:00:00'),
(127, 4, 'Vendredi', '11:00:00', '12:00:00'),
(128, 4, 'Vendredi', '13:00:00', '14:00:00'),
(129, 4, 'Vendredi', '15:00:00', '16:00:00'),
(130, 4, 'Vendredi', '17:00:00', '18:00:00'),
(131, 4, 'Samedi', '09:00:00', '10:00:00'),
(132, 4, 'Samedi', '11:00:00', '12:00:00'),
(133, 4, 'Samedi', '13:00:00', '14:00:00'),
(134, 4, 'Samedi', '15:00:00', '16:00:00'),
(135, 4, 'Samedi', '17:00:00', '18:00:00'),
(136, 4, 'Dimanche', '09:00:00', '10:00:00'),
(137, 4, 'Dimanche', '11:00:00', '12:00:00'),
(138, 4, 'Dimanche', '13:00:00', '14:00:00'),
(139, 4, 'Dimanche', '15:00:00', '16:00:00'),
(140, 4, 'Dimanche', '17:00:00', '18:00:00'),
(141, 5, 'Lundi', '09:00:00', '10:00:00'),
(142, 5, 'Lundi', '11:00:00', '12:00:00'),
(143, 5, 'Lundi', '13:00:00', '14:00:00'),
(144, 5, 'Lundi', '15:00:00', '16:00:00'),
(145, 5, 'Lundi', '17:00:00', '18:00:00'),
(146, 5, 'Mardi', '09:00:00', '10:00:00'),
(147, 5, 'Mardi', '11:00:00', '12:00:00'),
(148, 5, 'Mardi', '13:00:00', '14:00:00'),
(149, 5, 'Mardi', '15:00:00', '16:00:00'),
(150, 5, 'Mardi', '17:00:00', '18:00:00'),
(151, 5, 'Mercredi', '09:00:00', '10:00:00'),
(152, 5, 'Mercredi', '11:00:00', '12:00:00'),
(153, 5, 'Mercredi', '13:00:00', '14:00:00'),
(154, 5, 'Mercredi', '15:00:00', '16:00:00'),
(155, 5, 'Mercredi', '17:00:00', '18:00:00'),
(156, 5, 'Jeudi', '09:00:00', '10:00:00'),
(157, 5, 'Jeudi', '11:00:00', '12:00:00'),
(158, 5, 'Jeudi', '13:00:00', '14:00:00'),
(159, 5, 'Jeudi', '15:00:00', '16:00:00'),
(160, 5, 'Jeudi', '17:00:00', '18:00:00'),
(161, 5, 'Vendredi', '09:00:00', '10:00:00'),
(162, 5, 'Vendredi', '11:00:00', '12:00:00'),
(163, 5, 'Vendredi', '13:00:00', '14:00:00'),
(164, 5, 'Vendredi', '15:00:00', '16:00:00'),
(165, 5, 'Vendredi', '17:00:00', '18:00:00'),
(166, 5, 'Samedi', '09:00:00', '10:00:00'),
(167, 5, 'Samedi', '11:00:00', '12:00:00'),
(168, 5, 'Samedi', '13:00:00', '14:00:00'),
(169, 5, 'Samedi', '15:00:00', '16:00:00'),
(170, 5, 'Samedi', '17:00:00', '18:00:00'),
(171, 5, 'Dimanche', '09:00:00', '10:00:00'),
(172, 5, 'Dimanche', '11:00:00', '12:00:00'),
(173, 5, 'Dimanche', '13:00:00', '14:00:00'),
(174, 5, 'Dimanche', '15:00:00', '16:00:00'),
(175, 5, 'Dimanche', '17:00:00', '18:00:00'),
(176, 6, 'Lundi', '09:00:00', '10:00:00'),
(177, 6, 'Lundi', '11:00:00', '12:00:00'),
(178, 6, 'Lundi', '13:00:00', '14:00:00'),
(179, 6, 'Lundi', '15:00:00', '16:00:00'),
(180, 6, 'Lundi', '17:00:00', '18:00:00'),
(181, 6, 'Mardi', '09:00:00', '10:00:00'),
(182, 6, 'Mardi', '11:00:00', '12:00:00'),
(183, 6, 'Mardi', '13:00:00', '14:00:00'),
(184, 6, 'Mardi', '15:00:00', '16:00:00'),
(185, 6, 'Mardi', '17:00:00', '18:00:00'),
(186, 6, 'Mercredi', '09:00:00', '10:00:00'),
(187, 6, 'Mercredi', '11:00:00', '12:00:00'),
(188, 6, 'Mercredi', '13:00:00', '14:00:00'),
(189, 6, 'Mercredi', '15:00:00', '16:00:00'),
(190, 6, 'Mercredi', '17:00:00', '18:00:00'),
(191, 6, 'Jeudi', '09:00:00', '10:00:00'),
(192, 6, 'Jeudi', '11:00:00', '12:00:00'),
(193, 6, 'Jeudi', '13:00:00', '14:00:00'),
(194, 6, 'Jeudi', '15:00:00', '16:00:00'),
(196, 6, 'Vendredi', '09:00:00', '10:00:00'),
(197, 6, 'Vendredi', '11:00:00', '12:00:00'),
(198, 6, 'Vendredi', '13:00:00', '14:00:00'),
(199, 6, 'Vendredi', '15:00:00', '16:00:00'),
(200, 6, 'Vendredi', '17:00:00', '18:00:00'),
(202, 6, 'Samedi', '11:00:00', '12:00:00'),
(204, 6, 'Samedi', '15:00:00', '16:00:00'),
(205, 6, 'Samedi', '17:00:00', '18:00:00'),
(206, 6, 'Dimanche', '09:00:00', '10:00:00'),
(207, 6, 'Dimanche', '11:00:00', '12:00:00'),
(208, 6, 'Dimanche', '13:00:00', '14:00:00'),
(209, 6, 'Dimanche', '15:00:00', '16:00:00'),
(210, 6, 'Dimanche', '17:00:00', '18:00:00'),
(211, 7, 'Lundi', '09:00:00', '10:00:00'),
(212, 7, 'Lundi', '11:00:00', '12:00:00'),
(213, 7, 'Lundi', '13:00:00', '14:00:00'),
(214, 7, 'Lundi', '15:00:00', '16:00:00'),
(215, 7, 'Lundi', '17:00:00', '18:00:00'),
(216, 7, 'Mardi', '09:00:00', '10:00:00'),
(217, 7, 'Mardi', '11:00:00', '12:00:00'),
(218, 7, 'Mardi', '13:00:00', '14:00:00'),
(219, 7, 'Mardi', '15:00:00', '16:00:00'),
(220, 7, 'Mardi', '17:00:00', '18:00:00'),
(221, 7, 'Mercredi', '09:00:00', '10:00:00'),
(222, 7, 'Mercredi', '11:00:00', '12:00:00'),
(223, 7, 'Mercredi', '13:00:00', '14:00:00'),
(224, 7, 'Mercredi', '15:00:00', '16:00:00'),
(225, 7, 'Mercredi', '17:00:00', '18:00:00'),
(226, 7, 'Jeudi', '09:00:00', '10:00:00'),
(227, 7, 'Jeudi', '11:00:00', '12:00:00'),
(228, 7, 'Jeudi', '13:00:00', '14:00:00'),
(229, 7, 'Jeudi', '15:00:00', '16:00:00'),
(230, 7, 'Jeudi', '17:00:00', '18:00:00'),
(231, 7, 'Vendredi', '09:00:00', '10:00:00'),
(232, 7, 'Vendredi', '11:00:00', '12:00:00'),
(233, 7, 'Vendredi', '13:00:00', '14:00:00'),
(234, 7, 'Vendredi', '15:00:00', '16:00:00'),
(235, 7, 'Vendredi', '17:00:00', '18:00:00'),
(236, 7, 'Samedi', '09:00:00', '10:00:00'),
(238, 7, 'Samedi', '13:00:00', '14:00:00'),
(239, 7, 'Samedi', '15:00:00', '16:00:00'),
(240, 7, 'Samedi', '17:00:00', '18:00:00'),
(241, 7, 'Dimanche', '09:00:00', '10:00:00'),
(243, 7, 'Dimanche', '13:00:00', '14:00:00'),
(244, 7, 'Dimanche', '15:00:00', '16:00:00'),
(245, 7, 'Dimanche', '17:00:00', '18:00:00'),
(246, 8, 'Lundi', '09:00:00', '10:00:00'),
(247, 8, 'Lundi', '11:00:00', '12:00:00'),
(248, 8, 'Lundi', '13:00:00', '14:00:00'),
(249, 8, 'Lundi', '15:00:00', '16:00:00'),
(250, 8, 'Lundi', '17:00:00', '18:00:00'),
(251, 8, 'Mardi', '09:00:00', '10:00:00'),
(252, 8, 'Mardi', '11:00:00', '12:00:00'),
(253, 8, 'Mardi', '13:00:00', '14:00:00'),
(254, 8, 'Mardi', '15:00:00', '16:00:00'),
(255, 8, 'Mardi', '17:00:00', '18:00:00'),
(256, 8, 'Mercredi', '09:00:00', '10:00:00'),
(257, 8, 'Mercredi', '11:00:00', '12:00:00'),
(259, 8, 'Mercredi', '15:00:00', '16:00:00'),
(260, 8, 'Mercredi', '17:00:00', '18:00:00'),
(261, 8, 'Jeudi', '09:00:00', '10:00:00'),
(262, 8, 'Jeudi', '11:00:00', '12:00:00'),
(263, 8, 'Jeudi', '13:00:00', '14:00:00'),
(264, 8, 'Jeudi', '15:00:00', '16:00:00'),
(265, 8, 'Jeudi', '17:00:00', '18:00:00'),
(266, 8, 'Vendredi', '09:00:00', '10:00:00'),
(267, 8, 'Vendredi', '11:00:00', '12:00:00'),
(268, 8, 'Vendredi', '13:00:00', '14:00:00'),
(269, 8, 'Vendredi', '15:00:00', '16:00:00'),
(271, 8, 'Samedi', '09:00:00', '10:00:00'),
(272, 8, 'Samedi', '11:00:00', '12:00:00'),
(273, 8, 'Samedi', '13:00:00', '14:00:00'),
(274, 8, 'Samedi', '15:00:00', '16:00:00'),
(275, 8, 'Samedi', '17:00:00', '18:00:00'),
(276, 8, 'Dimanche', '09:00:00', '10:00:00'),
(278, 8, 'Dimanche', '13:00:00', '14:00:00'),
(279, 8, 'Dimanche', '15:00:00', '16:00:00'),
(280, 8, 'Dimanche', '17:00:00', '18:00:00'),
(281, 11, 'Lundi', '09:00:00', '10:00:00'),
(282, 11, 'Lundi', '11:00:00', '12:00:00'),
(283, 11, 'Lundi', '13:00:00', '14:00:00'),
(284, 11, 'Lundi', '15:00:00', '16:00:00'),
(285, 11, 'Lundi', '17:00:00', '18:00:00'),
(286, 11, 'Mardi', '09:00:00', '10:00:00'),
(287, 11, 'Mardi', '11:00:00', '12:00:00'),
(290, 11, 'Mardi', '17:00:00', '18:00:00'),
(291, 11, 'Mercredi', '09:00:00', '10:00:00'),
(293, 11, 'Mercredi', '13:00:00', '14:00:00'),
(297, 11, 'Jeudi', '11:00:00', '12:00:00'),
(298, 11, 'Jeudi', '13:00:00', '14:00:00'),
(300, 11, 'Jeudi', '17:00:00', '18:00:00'),
(301, 11, 'Vendredi', '09:00:00', '10:00:00'),
(305, 11, 'Vendredi', '17:00:00', '18:00:00'),
(308, 11, 'Samedi', '13:00:00', '14:00:00'),
(313, 11, 'Dimanche', '13:00:00', '14:00:00'),
(314, 11, 'Dimanche', '15:00:00', '16:00:00'),
(317, 12, 'Lundi', '11:00:00', '12:00:00'),
(319, 12, 'Lundi', '15:00:00', '16:00:00'),
(320, 12, 'Lundi', '17:00:00', '18:00:00'),
(321, 12, 'Mardi', '09:00:00', '10:00:00'),
(323, 12, 'Mardi', '13:00:00', '14:00:00'),
(324, 12, 'Mardi', '15:00:00', '16:00:00'),
(325, 12, 'Mardi', '17:00:00', '18:00:00'),
(326, 12, 'Mercredi', '09:00:00', '10:00:00'),
(327, 12, 'Mercredi', '11:00:00', '12:00:00'),
(328, 12, 'Mercredi', '13:00:00', '14:00:00'),
(330, 12, 'Mercredi', '17:00:00', '18:00:00'),
(331, 12, 'Jeudi', '09:00:00', '10:00:00'),
(332, 12, 'Jeudi', '11:00:00', '12:00:00'),
(333, 12, 'Jeudi', '13:00:00', '14:00:00'),
(334, 12, 'Jeudi', '15:00:00', '16:00:00'),
(336, 12, 'Vendredi', '09:00:00', '10:00:00'),
(337, 12, 'Vendredi', '11:00:00', '12:00:00'),
(338, 12, 'Vendredi', '13:00:00', '14:00:00'),
(339, 12, 'Vendredi', '15:00:00', '16:00:00'),
(340, 12, 'Vendredi', '17:00:00', '18:00:00'),
(341, 12, 'Samedi', '09:00:00', '10:00:00'),
(343, 12, 'Samedi', '13:00:00', '14:00:00'),
(344, 12, 'Samedi', '15:00:00', '16:00:00'),
(347, 12, 'Dimanche', '11:00:00', '12:00:00'),
(351, 13, 'Lundi', '09:00:00', '10:00:00'),
(352, 13, 'Lundi', '11:00:00', '12:00:00'),
(353, 13, 'Lundi', '13:00:00', '14:00:00'),
(354, 13, 'Lundi', '15:00:00', '16:00:00'),
(355, 13, 'Lundi', '17:00:00', '18:00:00'),
(356, 13, 'Mardi', '09:00:00', '10:00:00'),
(357, 13, 'Mardi', '11:00:00', '12:00:00'),
(358, 13, 'Mardi', '13:00:00', '14:00:00'),
(359, 13, 'Mardi', '15:00:00', '16:00:00'),
(360, 13, 'Mardi', '17:00:00', '18:00:00'),
(361, 13, 'Mercredi', '09:00:00', '10:00:00'),
(362, 13, 'Mercredi', '11:00:00', '12:00:00'),
(363, 13, 'Mercredi', '13:00:00', '14:00:00'),
(364, 13, 'Mercredi', '15:00:00', '16:00:00'),
(365, 13, 'Mercredi', '17:00:00', '18:00:00'),
(366, 13, 'Jeudi', '09:00:00', '10:00:00'),
(367, 13, 'Jeudi', '11:00:00', '12:00:00'),
(368, 13, 'Jeudi', '13:00:00', '14:00:00'),
(369, 13, 'Jeudi', '15:00:00', '16:00:00'),
(370, 13, 'Jeudi', '17:00:00', '18:00:00'),
(371, 13, 'Vendredi', '09:00:00', '10:00:00'),
(372, 13, 'Vendredi', '11:00:00', '12:00:00'),
(373, 13, 'Vendredi', '13:00:00', '14:00:00'),
(374, 13, 'Vendredi', '15:00:00', '16:00:00'),
(375, 13, 'Vendredi', '17:00:00', '18:00:00'),
(376, 13, 'Samedi', '09:00:00', '10:00:00'),
(377, 13, 'Samedi', '11:00:00', '12:00:00'),
(378, 13, 'Samedi', '13:00:00', '14:00:00'),
(379, 13, 'Samedi', '15:00:00', '16:00:00'),
(380, 13, 'Samedi', '17:00:00', '18:00:00'),
(381, 13, 'Dimanche', '09:00:00', '10:00:00'),
(382, 13, 'Dimanche', '11:00:00', '12:00:00'),
(383, 13, 'Dimanche', '13:00:00', '14:00:00'),
(384, 13, 'Dimanche', '15:00:00', '16:00:00'),
(385, 13, 'Dimanche', '17:00:00', '18:00:00'),
(386, 16, 'Lundi', '09:00:00', '10:00:00'),
(387, 16, 'Lundi', '11:00:00', '12:00:00'),
(388, 16, 'Lundi', '13:00:00', '14:00:00'),
(389, 16, 'Lundi', '15:00:00', '16:00:00'),
(390, 16, 'Lundi', '17:00:00', '18:00:00'),
(391, 16, 'Mardi', '09:00:00', '10:00:00'),
(392, 16, 'Mardi', '11:00:00', '12:00:00'),
(393, 16, 'Mardi', '13:00:00', '14:00:00'),
(394, 16, 'Mardi', '15:00:00', '16:00:00'),
(395, 16, 'Mardi', '17:00:00', '18:00:00'),
(396, 16, 'Mercredi', '09:00:00', '10:00:00'),
(397, 16, 'Mercredi', '11:00:00', '12:00:00'),
(398, 16, 'Mercredi', '13:00:00', '14:00:00'),
(399, 16, 'Mercredi', '15:00:00', '16:00:00'),
(400, 16, 'Mercredi', '17:00:00', '18:00:00'),
(401, 16, 'Jeudi', '09:00:00', '10:00:00'),
(402, 16, 'Jeudi', '11:00:00', '12:00:00'),
(403, 16, 'Jeudi', '13:00:00', '14:00:00'),
(404, 16, 'Jeudi', '15:00:00', '16:00:00'),
(405, 16, 'Jeudi', '17:00:00', '18:00:00'),
(406, 16, 'Vendredi', '09:00:00', '10:00:00'),
(407, 16, 'Vendredi', '11:00:00', '12:00:00'),
(408, 16, 'Vendredi', '13:00:00', '14:00:00'),
(410, 16, 'Vendredi', '17:00:00', '18:00:00'),
(411, 16, 'Samedi', '09:00:00', '10:00:00'),
(412, 16, 'Samedi', '11:00:00', '12:00:00'),
(413, 16, 'Samedi', '13:00:00', '14:00:00'),
(417, 16, 'Dimanche', '11:00:00', '12:00:00'),
(419, 16, 'Dimanche', '15:00:00', '16:00:00'),
(420, 16, 'Dimanche', '17:00:00', '18:00:00'),
(421, 17, 'Lundi', '09:00:00', '10:00:00'),
(422, 17, 'Lundi', '11:00:00', '12:00:00'),
(423, 17, 'Lundi', '13:00:00', '14:00:00'),
(424, 17, 'Lundi', '15:00:00', '16:00:00'),
(425, 17, 'Lundi', '17:00:00', '18:00:00'),
(426, 17, 'Mardi', '09:00:00', '10:00:00'),
(427, 17, 'Mardi', '11:00:00', '12:00:00'),
(428, 17, 'Mardi', '13:00:00', '14:00:00'),
(429, 17, 'Mardi', '15:00:00', '16:00:00'),
(430, 17, 'Mardi', '17:00:00', '18:00:00'),
(431, 17, 'Mercredi', '09:00:00', '10:00:00'),
(432, 17, 'Mercredi', '11:00:00', '12:00:00'),
(433, 17, 'Mercredi', '13:00:00', '14:00:00'),
(434, 17, 'Mercredi', '15:00:00', '16:00:00'),
(435, 17, 'Mercredi', '17:00:00', '18:00:00'),
(436, 17, 'Jeudi', '09:00:00', '10:00:00'),
(437, 17, 'Jeudi', '11:00:00', '12:00:00'),
(438, 17, 'Jeudi', '13:00:00', '14:00:00'),
(439, 17, 'Jeudi', '15:00:00', '16:00:00'),
(440, 17, 'Jeudi', '17:00:00', '18:00:00'),
(441, 17, 'Vendredi', '09:00:00', '10:00:00'),
(442, 17, 'Vendredi', '11:00:00', '12:00:00'),
(443, 17, 'Vendredi', '13:00:00', '14:00:00'),
(444, 17, 'Vendredi', '15:00:00', '16:00:00'),
(445, 17, 'Vendredi', '17:00:00', '18:00:00'),
(446, 17, 'Samedi', '09:00:00', '10:00:00'),
(447, 17, 'Samedi', '11:00:00', '12:00:00'),
(448, 17, 'Samedi', '13:00:00', '14:00:00'),
(449, 17, 'Samedi', '15:00:00', '16:00:00'),
(450, 17, 'Samedi', '17:00:00', '18:00:00'),
(451, 17, 'Dimanche', '09:00:00', '10:00:00'),
(452, 17, 'Dimanche', '11:00:00', '12:00:00'),
(453, 17, 'Dimanche', '13:00:00', '14:00:00'),
(454, 17, 'Dimanche', '15:00:00', '16:00:00'),
(455, 17, 'Dimanche', '17:00:00', '18:00:00'),
(456, 21, 'Lundi', '09:00:00', '10:00:00'),
(457, 21, 'Lundi', '11:00:00', '12:00:00'),
(458, 21, 'Lundi', '13:00:00', '14:00:00'),
(459, 21, 'Lundi', '15:00:00', '16:00:00'),
(460, 21, 'Lundi', '17:00:00', '18:00:00'),
(461, 21, 'Mardi', '09:00:00', '10:00:00'),
(462, 21, 'Mardi', '11:00:00', '12:00:00'),
(463, 21, 'Mardi', '13:00:00', '14:00:00'),
(464, 21, 'Mardi', '15:00:00', '16:00:00'),
(465, 21, 'Mardi', '17:00:00', '18:00:00'),
(466, 21, 'Mercredi', '09:00:00', '10:00:00'),
(467, 21, 'Mercredi', '11:00:00', '12:00:00'),
(468, 21, 'Mercredi', '13:00:00', '14:00:00'),
(469, 21, 'Mercredi', '15:00:00', '16:00:00'),
(470, 21, 'Mercredi', '17:00:00', '18:00:00'),
(471, 21, 'Jeudi', '09:00:00', '10:00:00'),
(472, 21, 'Jeudi', '11:00:00', '12:00:00'),
(473, 21, 'Jeudi', '13:00:00', '14:00:00'),
(474, 21, 'Jeudi', '15:00:00', '16:00:00'),
(475, 21, 'Jeudi', '17:00:00', '18:00:00'),
(476, 21, 'Vendredi', '09:00:00', '10:00:00'),
(478, 21, 'Vendredi', '13:00:00', '14:00:00'),
(479, 21, 'Vendredi', '15:00:00', '16:00:00'),
(480, 21, 'Vendredi', '17:00:00', '18:00:00'),
(482, 21, 'Samedi', '11:00:00', '12:00:00'),
(483, 21, 'Samedi', '13:00:00', '14:00:00'),
(485, 21, 'Samedi', '17:00:00', '18:00:00'),
(487, 21, 'Dimanche', '11:00:00', '12:00:00'),
(488, 21, 'Dimanche', '13:00:00', '14:00:00'),
(489, 21, 'Dimanche', '15:00:00', '16:00:00'),
(491, 22, 'Lundi', '09:00:00', '10:00:00'),
(492, 22, 'Lundi', '11:00:00', '12:00:00'),
(493, 22, 'Lundi', '13:00:00', '14:00:00'),
(494, 22, 'Lundi', '15:00:00', '16:00:00'),
(495, 22, 'Lundi', '17:00:00', '18:00:00'),
(496, 22, 'Mardi', '09:00:00', '10:00:00'),
(497, 22, 'Mardi', '11:00:00', '12:00:00'),
(498, 22, 'Mardi', '13:00:00', '14:00:00'),
(499, 22, 'Mardi', '15:00:00', '16:00:00'),
(500, 22, 'Mardi', '17:00:00', '18:00:00'),
(501, 22, 'Mercredi', '09:00:00', '10:00:00'),
(502, 22, 'Mercredi', '11:00:00', '12:00:00'),
(503, 22, 'Mercredi', '13:00:00', '14:00:00'),
(504, 22, 'Mercredi', '15:00:00', '16:00:00'),
(505, 22, 'Mercredi', '17:00:00', '18:00:00'),
(506, 22, 'Jeudi', '09:00:00', '10:00:00'),
(507, 22, 'Jeudi', '11:00:00', '12:00:00'),
(508, 22, 'Jeudi', '13:00:00', '14:00:00'),
(509, 22, 'Jeudi', '15:00:00', '16:00:00'),
(510, 22, 'Jeudi', '17:00:00', '18:00:00'),
(511, 22, 'Vendredi', '09:00:00', '10:00:00'),
(512, 22, 'Vendredi', '11:00:00', '12:00:00'),
(513, 22, 'Vendredi', '13:00:00', '14:00:00'),
(514, 22, 'Vendredi', '15:00:00', '16:00:00'),
(515, 22, 'Vendredi', '17:00:00', '18:00:00'),
(516, 22, 'Samedi', '09:00:00', '10:00:00'),
(517, 22, 'Samedi', '11:00:00', '12:00:00'),
(518, 22, 'Samedi', '13:00:00', '14:00:00'),
(519, 22, 'Samedi', '15:00:00', '16:00:00'),
(520, 22, 'Samedi', '17:00:00', '18:00:00'),
(521, 22, 'Dimanche', '09:00:00', '10:00:00'),
(522, 22, 'Dimanche', '11:00:00', '12:00:00'),
(523, 22, 'Dimanche', '13:00:00', '14:00:00'),
(524, 22, 'Dimanche', '15:00:00', '16:00:00'),
(525, 22, 'Dimanche', '17:00:00', '18:00:00'),
(526, 23, 'Lundi', '09:00:00', '10:00:00'),
(527, 23, 'Lundi', '11:00:00', '12:00:00'),
(528, 23, 'Lundi', '13:00:00', '14:00:00'),
(529, 23, 'Lundi', '15:00:00', '16:00:00'),
(530, 23, 'Lundi', '17:00:00', '18:00:00'),
(531, 23, 'Mardi', '09:00:00', '10:00:00'),
(532, 23, 'Mardi', '11:00:00', '12:00:00'),
(533, 23, 'Mardi', '13:00:00', '14:00:00'),
(534, 23, 'Mardi', '15:00:00', '16:00:00'),
(535, 23, 'Mardi', '17:00:00', '18:00:00'),
(536, 23, 'Mercredi', '09:00:00', '10:00:00'),
(537, 23, 'Mercredi', '11:00:00', '12:00:00'),
(538, 23, 'Mercredi', '13:00:00', '14:00:00'),
(539, 23, 'Mercredi', '15:00:00', '16:00:00'),
(540, 23, 'Mercredi', '17:00:00', '18:00:00'),
(541, 23, 'Jeudi', '09:00:00', '10:00:00'),
(542, 23, 'Jeudi', '11:00:00', '12:00:00'),
(543, 23, 'Jeudi', '13:00:00', '14:00:00'),
(544, 23, 'Jeudi', '15:00:00', '16:00:00'),
(545, 23, 'Jeudi', '17:00:00', '18:00:00'),
(546, 23, 'Vendredi', '09:00:00', '10:00:00'),
(547, 23, 'Vendredi', '11:00:00', '12:00:00'),
(548, 23, 'Vendredi', '13:00:00', '14:00:00'),
(549, 23, 'Vendredi', '15:00:00', '16:00:00'),
(550, 23, 'Vendredi', '17:00:00', '18:00:00'),
(551, 23, 'Samedi', '09:00:00', '10:00:00'),
(552, 23, 'Samedi', '11:00:00', '12:00:00'),
(553, 23, 'Samedi', '13:00:00', '14:00:00'),
(554, 23, 'Samedi', '15:00:00', '16:00:00'),
(555, 23, 'Samedi', '17:00:00', '18:00:00'),
(556, 23, 'Dimanche', '09:00:00', '10:00:00'),
(557, 23, 'Dimanche', '11:00:00', '12:00:00'),
(558, 23, 'Dimanche', '13:00:00', '14:00:00'),
(559, 23, 'Dimanche', '15:00:00', '16:00:00'),
(560, 23, 'Dimanche', '17:00:00', '18:00:00'),
(561, 24, 'Lundi', '09:00:00', '10:00:00'),
(562, 24, 'Lundi', '11:00:00', '12:00:00'),
(563, 24, 'Lundi', '13:00:00', '14:00:00'),
(564, 24, 'Lundi', '15:00:00', '16:00:00'),
(565, 24, 'Lundi', '17:00:00', '18:00:00'),
(566, 24, 'Mardi', '09:00:00', '10:00:00'),
(567, 24, 'Mardi', '11:00:00', '12:00:00'),
(568, 24, 'Mardi', '13:00:00', '14:00:00'),
(569, 24, 'Mardi', '15:00:00', '16:00:00'),
(570, 24, 'Mardi', '17:00:00', '18:00:00'),
(571, 24, 'Mercredi', '09:00:00', '10:00:00'),
(572, 24, 'Mercredi', '11:00:00', '12:00:00'),
(573, 24, 'Mercredi', '13:00:00', '14:00:00'),
(574, 24, 'Mercredi', '15:00:00', '16:00:00'),
(575, 24, 'Mercredi', '17:00:00', '18:00:00'),
(576, 24, 'Jeudi', '09:00:00', '10:00:00'),
(577, 24, 'Jeudi', '11:00:00', '12:00:00'),
(578, 24, 'Jeudi', '13:00:00', '14:00:00'),
(579, 24, 'Jeudi', '15:00:00', '16:00:00'),
(580, 24, 'Jeudi', '17:00:00', '18:00:00'),
(581, 24, 'Vendredi', '09:00:00', '10:00:00'),
(582, 24, 'Vendredi', '11:00:00', '12:00:00'),
(583, 24, 'Vendredi', '13:00:00', '14:00:00'),
(584, 24, 'Vendredi', '15:00:00', '16:00:00'),
(585, 24, 'Vendredi', '17:00:00', '18:00:00'),
(586, 24, 'Samedi', '09:00:00', '10:00:00'),
(587, 24, 'Samedi', '11:00:00', '12:00:00'),
(588, 24, 'Samedi', '13:00:00', '14:00:00'),
(589, 24, 'Samedi', '15:00:00', '16:00:00'),
(590, 24, 'Samedi', '17:00:00', '18:00:00'),
(591, 24, 'Dimanche', '09:00:00', '10:00:00'),
(592, 24, 'Dimanche', '11:00:00', '12:00:00'),
(593, 24, 'Dimanche', '13:00:00', '14:00:00'),
(594, 24, 'Dimanche', '15:00:00', '16:00:00'),
(595, 24, 'Dimanche', '17:00:00', '18:00:00'),
(596, 24, 'Lundi', '09:00:00', '10:00:00'),
(597, 29, 'Lundi', '11:00:00', '12:00:00'),
(598, 29, 'Lundi', '13:00:00', '14:00:00'),
(599, 29, 'Lundi', '15:00:00', '16:00:00'),
(600, 29, 'Lundi', '17:00:00', '18:00:00'),
(601, 29, 'Mardi', '09:00:00', '10:00:00'),
(602, 29, 'Mardi', '11:00:00', '12:00:00'),
(603, 29, 'Mardi', '13:00:00', '14:00:00'),
(604, 29, 'Mardi', '15:00:00', '16:00:00'),
(605, 29, 'Mardi', '17:00:00', '18:00:00'),
(606, 29, 'Mercredi', '09:00:00', '10:00:00'),
(607, 29, 'Mercredi', '11:00:00', '12:00:00'),
(608, 29, 'Mercredi', '13:00:00', '14:00:00'),
(609, 29, 'Mercredi', '15:00:00', '16:00:00'),
(610, 29, 'Mercredi', '17:00:00', '18:00:00'),
(611, 29, 'Jeudi', '09:00:00', '10:00:00'),
(612, 29, 'Jeudi', '11:00:00', '12:00:00'),
(613, 29, 'Jeudi', '13:00:00', '14:00:00'),
(614, 29, 'Jeudi', '15:00:00', '16:00:00'),
(615, 29, 'Jeudi', '17:00:00', '18:00:00'),
(616, 29, 'Vendredi', '09:00:00', '10:00:00'),
(617, 29, 'Vendredi', '11:00:00', '12:00:00'),
(618, 29, 'Vendredi', '13:00:00', '14:00:00'),
(619, 29, 'Vendredi', '15:00:00', '16:00:00'),
(620, 29, 'Vendredi', '17:00:00', '18:00:00'),
(621, 29, 'Samedi', '09:00:00', '10:00:00'),
(622, 29, 'Samedi', '11:00:00', '12:00:00'),
(623, 29, 'Samedi', '13:00:00', '14:00:00'),
(624, 29, 'Samedi', '15:00:00', '16:00:00'),
(625, 29, 'Samedi', '17:00:00', '18:00:00'),
(626, 29, 'Dimanche', '09:00:00', '10:00:00'),
(627, 29, 'Dimanche', '11:00:00', '12:00:00'),
(628, 29, 'Dimanche', '13:00:00', '14:00:00'),
(629, 29, 'Dimanche', '15:00:00', '16:00:00'),
(630, 29, 'Dimanche', '17:00:00', '18:00:00'),
(631, 25, 'Lundi', '09:00:00', '10:00:00'),
(632, 25, 'Lundi', '11:00:00', '12:00:00'),
(633, 25, 'Lundi', '13:00:00', '14:00:00'),
(634, 25, 'Lundi', '15:00:00', '16:00:00'),
(635, 25, 'Lundi', '17:00:00', '18:00:00'),
(636, 25, 'Mardi', '09:00:00', '10:00:00'),
(637, 25, 'Mardi', '11:00:00', '12:00:00'),
(638, 25, 'Mardi', '13:00:00', '14:00:00'),
(639, 25, 'Mardi', '15:00:00', '16:00:00'),
(640, 25, 'Mardi', '17:00:00', '18:00:00'),
(641, 25, 'Mercredi', '09:00:00', '10:00:00'),
(642, 25, 'Mercredi', '11:00:00', '12:00:00'),
(643, 25, 'Mercredi', '13:00:00', '14:00:00'),
(644, 25, 'Mercredi', '15:00:00', '16:00:00'),
(645, 25, 'Mercredi', '17:00:00', '18:00:00'),
(646, 25, 'Jeudi', '09:00:00', '10:00:00'),
(647, 25, 'Jeudi', '11:00:00', '12:00:00'),
(648, 25, 'Jeudi', '13:00:00', '14:00:00'),
(649, 25, 'Jeudi', '15:00:00', '16:00:00'),
(650, 25, 'Jeudi', '17:00:00', '18:00:00'),
(651, 25, 'Vendredi', '09:00:00', '10:00:00'),
(652, 25, 'Vendredi', '11:00:00', '12:00:00'),
(653, 25, 'Vendredi', '13:00:00', '14:00:00'),
(654, 25, 'Vendredi', '15:00:00', '16:00:00'),
(655, 25, 'Vendredi', '17:00:00', '18:00:00'),
(656, 25, 'Samedi', '09:00:00', '10:00:00'),
(657, 25, 'Samedi', '11:00:00', '12:00:00'),
(658, 25, 'Samedi', '13:00:00', '14:00:00'),
(659, 25, 'Samedi', '15:00:00', '16:00:00'),
(660, 25, 'Samedi', '17:00:00', '18:00:00'),
(661, 25, 'Dimanche', '09:00:00', '10:00:00'),
(662, 25, 'Dimanche', '11:00:00', '12:00:00'),
(663, 25, 'Dimanche', '13:00:00', '14:00:00'),
(664, 25, 'Dimanche', '15:00:00', '16:00:00'),
(665, 25, 'Dimanche', '17:00:00', '18:00:00'),
(666, 26, 'Lundi', '09:00:00', '10:00:00'),
(667, 26, 'Lundi', '11:00:00', '12:00:00'),
(668, 26, 'Lundi', '13:00:00', '14:00:00'),
(669, 26, 'Lundi', '15:00:00', '16:00:00'),
(670, 26, 'Lundi', '17:00:00', '18:00:00'),
(671, 26, 'Mardi', '09:00:00', '10:00:00'),
(672, 26, 'Mardi', '11:00:00', '12:00:00'),
(673, 26, 'Mardi', '13:00:00', '14:00:00'),
(674, 26, 'Mardi', '15:00:00', '16:00:00'),
(675, 26, 'Mardi', '17:00:00', '18:00:00'),
(676, 26, 'Mercredi', '09:00:00', '10:00:00'),
(677, 26, 'Mercredi', '11:00:00', '12:00:00'),
(678, 26, 'Mercredi', '13:00:00', '14:00:00'),
(679, 26, 'Mercredi', '15:00:00', '16:00:00'),
(680, 26, 'Mercredi', '17:00:00', '18:00:00'),
(681, 26, 'Jeudi', '09:00:00', '10:00:00'),
(682, 26, 'Jeudi', '11:00:00', '12:00:00'),
(683, 26, 'Jeudi', '13:00:00', '14:00:00'),
(684, 26, 'Jeudi', '15:00:00', '16:00:00'),
(685, 26, 'Jeudi', '17:00:00', '18:00:00'),
(686, 26, 'Vendredi', '09:00:00', '10:00:00'),
(687, 26, 'Vendredi', '11:00:00', '12:00:00'),
(688, 26, 'Vendredi', '13:00:00', '14:00:00'),
(689, 26, 'Vendredi', '15:00:00', '16:00:00'),
(690, 26, 'Vendredi', '17:00:00', '18:00:00'),
(691, 26, 'Samedi', '09:00:00', '10:00:00'),
(692, 26, 'Samedi', '11:00:00', '12:00:00'),
(693, 26, 'Samedi', '13:00:00', '14:00:00'),
(694, 26, 'Samedi', '15:00:00', '16:00:00'),
(695, 26, 'Samedi', '17:00:00', '18:00:00'),
(696, 26, 'Dimanche', '09:00:00', '10:00:00'),
(697, 26, 'Dimanche', '11:00:00', '12:00:00'),
(698, 26, 'Dimanche', '13:00:00', '14:00:00'),
(699, 26, 'Dimanche', '15:00:00', '16:00:00'),
(700, 26, 'Dimanche', '17:00:00', '18:00:00'),
(701, 27, 'Lundi', '09:00:00', '10:00:00'),
(702, 27, 'Lundi', '11:00:00', '12:00:00'),
(703, 27, 'Lundi', '13:00:00', '14:00:00'),
(704, 27, 'Lundi', '15:00:00', '16:00:00'),
(705, 27, 'Lundi', '17:00:00', '18:00:00'),
(706, 27, 'Mardi', '09:00:00', '10:00:00'),
(707, 27, 'Mardi', '11:00:00', '12:00:00'),
(708, 27, 'Mardi', '13:00:00', '14:00:00'),
(709, 27, 'Mardi', '15:00:00', '16:00:00'),
(710, 27, 'Mardi', '17:00:00', '18:00:00'),
(711, 27, 'Mercredi', '09:00:00', '10:00:00'),
(712, 27, 'Mercredi', '11:00:00', '12:00:00'),
(713, 25, 'Mercredi', '13:00:00', '14:00:00'),
(714, 27, 'Mercredi', '15:00:00', '16:00:00'),
(715, 27, 'Mercredi', '17:00:00', '18:00:00'),
(716, 27, 'Jeudi', '09:00:00', '10:00:00'),
(717, 27, 'Jeudi', '11:00:00', '12:00:00'),
(718, 27, 'Jeudi', '13:00:00', '14:00:00'),
(719, 25, 'Jeudi', '15:00:00', '16:00:00'),
(720, 27, 'Jeudi', '17:00:00', '18:00:00'),
(721, 27, 'Vendredi', '09:00:00', '10:00:00'),
(722, 27, 'Vendredi', '11:00:00', '12:00:00'),
(723, 27, 'Vendredi', '13:00:00', '14:00:00'),
(724, 27, 'Vendredi', '15:00:00', '16:00:00'),
(725, 27, 'Vendredi', '17:00:00', '18:00:00'),
(726, 27, 'Samedi', '09:00:00', '10:00:00'),
(727, 27, 'Samedi', '11:00:00', '12:00:00'),
(728, 27, 'Samedi', '13:00:00', '14:00:00'),
(729, 27, 'Samedi', '15:00:00', '16:00:00'),
(730, 27, 'Samedi', '17:00:00', '18:00:00'),
(731, 27, 'Dimanche', '09:00:00', '10:00:00'),
(732, 27, 'Dimanche', '11:00:00', '12:00:00'),
(733, 27, 'Dimanche', '13:00:00', '14:00:00'),
(734, 27, 'Dimanche', '15:00:00', '16:00:00'),
(735, 27, 'Dimanche', '17:00:00', '18:00:00'),
(736, 28, 'Lundi', '09:00:00', '10:00:00'),
(737, 28, 'Lundi', '11:00:00', '12:00:00'),
(738, 28, 'Lundi', '13:00:00', '14:00:00'),
(739, 28, 'Lundi', '15:00:00', '16:00:00'),
(740, 28, 'Lundi', '17:00:00', '18:00:00'),
(741, 28, 'Mardi', '09:00:00', '10:00:00'),
(742, 28, 'Mardi', '11:00:00', '12:00:00'),
(743, 28, 'Mardi', '13:00:00', '14:00:00'),
(744, 28, 'Mardi', '15:00:00', '16:00:00'),
(745, 28, 'Mardi', '17:00:00', '18:00:00'),
(746, 28, 'Mercredi', '09:00:00', '10:00:00'),
(747, 28, 'Mercredi', '11:00:00', '12:00:00'),
(748, 28, 'Mercredi', '13:00:00', '14:00:00'),
(749, 28, 'Mercredi', '15:00:00', '16:00:00'),
(750, 28, 'Mercredi', '17:00:00', '18:00:00'),
(751, 28, 'Jeudi', '09:00:00', '10:00:00'),
(752, 28, 'Jeudi', '11:00:00', '12:00:00'),
(753, 28, 'Jeudi', '13:00:00', '14:00:00'),
(754, 28, 'Jeudi', '15:00:00', '16:00:00'),
(755, 28, 'Jeudi', '17:00:00', '18:00:00'),
(756, 28, 'Vendredi', '09:00:00', '10:00:00'),
(757, 28, 'Vendredi', '11:00:00', '12:00:00'),
(758, 28, 'Vendredi', '13:00:00', '14:00:00'),
(759, 28, 'Vendredi', '15:00:00', '16:00:00'),
(760, 28, 'Vendredi', '17:00:00', '18:00:00'),
(761, 28, 'Samedi', '09:00:00', '10:00:00'),
(762, 28, 'Samedi', '11:00:00', '12:00:00'),
(763, 28, 'Samedi', '13:00:00', '14:00:00'),
(764, 28, 'Samedi', '15:00:00', '16:00:00'),
(765, 28, 'Samedi', '17:00:00', '18:00:00'),
(766, 28, 'Dimanche', '09:00:00', '10:00:00'),
(767, 28, 'Dimanche', '11:00:00', '12:00:00'),
(768, 28, 'Dimanche', '13:00:00', '14:00:00'),
(769, 28, 'Dimanche', '15:00:00', '16:00:00'),
(770, 28, 'Dimanche', '17:00:00', '18:00:00'),
(771, 29, 'Lundi', '09:00:00', '10:00:00'),
(773, 21, 'Dimanche', '22:00:00', '23:00:00'),
(844, 37, 'Lundi', '09:00:00', '10:00:00'),
(845, 37, 'Lundi', '11:00:00', '12:00:00'),
(846, 37, 'Lundi', '13:00:00', '14:00:00'),
(847, 37, 'Lundi', '15:00:00', '16:00:00'),
(848, 37, 'Lundi', '17:00:00', '18:00:00'),
(849, 37, 'Mardi', '09:00:00', '10:00:00'),
(850, 37, 'Mardi', '11:00:00', '12:00:00'),
(851, 37, 'Mardi', '13:00:00', '14:00:00'),
(852, 37, 'Mardi', '15:00:00', '16:00:00'),
(853, 37, 'Mardi', '17:00:00', '18:00:00'),
(854, 37, 'Mercredi', '09:00:00', '10:00:00'),
(855, 37, 'Mercredi', '11:00:00', '12:00:00'),
(856, 37, 'Mercredi', '13:00:00', '14:00:00'),
(857, 37, 'Mercredi', '15:00:00', '16:00:00'),
(858, 37, 'Mercredi', '17:00:00', '18:00:00'),
(859, 37, 'Jeudi', '09:00:00', '10:00:00'),
(860, 37, 'Jeudi', '11:00:00', '12:00:00'),
(861, 37, 'Jeudi', '13:00:00', '14:00:00'),
(862, 37, 'Jeudi', '15:00:00', '16:00:00'),
(863, 37, 'Jeudi', '17:00:00', '18:00:00'),
(864, 37, 'Vendredi', '09:00:00', '10:00:00'),
(865, 37, 'Vendredi', '11:00:00', '12:00:00'),
(866, 37, 'Vendredi', '13:00:00', '14:00:00'),
(867, 37, 'Vendredi', '15:00:00', '16:00:00'),
(868, 37, 'Vendredi', '17:00:00', '18:00:00'),
(869, 37, 'Samedi', '09:00:00', '10:00:00'),
(870, 37, 'Samedi', '11:00:00', '12:00:00'),
(871, 37, 'Samedi', '13:00:00', '14:00:00'),
(872, 37, 'Samedi', '15:00:00', '16:00:00'),
(873, 37, 'Samedi', '17:00:00', '18:00:00'),
(877, 37, 'Dimanche', '15:00:00', '16:00:00');

-- --------------------------------------------------------

--
-- Table structure for table `reservation`
--

CREATE TABLE `reservation` (
  `id` int(11) NOT NULL,
  `utilisateur_id` int(11) NOT NULL,
  `seance_id` int(11) NOT NULL,
  `commande_id` int(11) NOT NULL,
  `nb_sieges` int(11) NOT NULL,
  `prix` double NOT NULL,
  `statut` varchar(255) COLLATE utf8mb4_unicode_ci NOT NULL
) ENGINE=InnoDB DEFAULT CHARSET=utf8mb4 COLLATE=utf8mb4_unicode_ci;

--
-- Dumping data for table `reservation`
--

INSERT INTO `reservation` (`id`, `utilisateur_id`, `seance_id`, `commande_id`, `nb_sieges`, `prix`, `statut`) VALUES
(34, 2, 164, 109, 5, 100, 'Confirmée');

-- --------------------------------------------------------

--
-- Table structure for table `salle`
--

CREATE TABLE `salle` (
  `id` int(11) NOT NULL,
  `nb_places` int(11) NOT NULL,
  `qualite` varchar(255) COLLATE utf8mb4_unicode_ci NOT NULL,
  `cinema_id` int(11) NOT NULL,
  `nom` varchar(255) COLLATE utf8mb4_unicode_ci NOT NULL
) ENGINE=InnoDB DEFAULT CHARSET=utf8mb4 COLLATE=utf8mb4_unicode_ci;

--
-- Dumping data for table `salle`
--

INSERT INTO `salle` (`id`, `nb_places`, `qualite`, `cinema_id`, `nom`) VALUES
(1, 20, '4DX', 1, 'salle 1'),
(2, 20, 'STANDARD', 1, 'salle 2'),
(3, 20, '3D', 1, 'salle 3'),
(4, 20, '3D', 1, 'salle 4'),
(5, 20, '4K', 1, 'salle 5'),
(6, 15, '4DX', 2, 'salle 1'),
(7, 15, 'STANDARD', 2, 'salle 2'),
(8, 15, '3D', 2, 'salle 3'),
(11, 25, 'STANDARD', 3, 'salle 1'),
(12, 25, 'STANDARD', 3, 'salle 2'),
(13, 25, '3D', 3, 'salle 3'),
(16, 40, 'STANDARD', 4, 'salle 1'),
(17, 40, '4DX', 4, 'salle 2'),
(21, 40, '3D', 5, 'salle 1'),
(22, 40, 'STANDARD', 5, 'salle 2'),
(23, 40, '4DX', 5, 'salle 3'),
(24, 20, 'STANDARD', 6, 'salle 1'),
(25, 30, '4K', 6, 'salle 2'),
(26, 20, '3D', 6, 'salle 3'),
(27, 20, '3D', 7, 'salle 1'),
(28, 20, 'STANDARD', 7, 'salle 2'),
(29, 30, '4K', 7, 'salle 3'),
(37, 60, '4DX', 7, 'Salle 4');

-- --------------------------------------------------------

--
-- Table structure for table `seance`
--

CREATE TABLE `seance` (
  `id` int(11) NOT NULL,
  `film_id` int(11) NOT NULL,
  `cinema_id` int(11) NOT NULL,
  `heure_debut` time NOT NULL,
  `heure_fin` time NOT NULL,
  `qualite` varchar(255) COLLATE utf8mb4_unicode_ci NOT NULL,
  `salle_id` int(11) NOT NULL,
  `horaire_id` int(11) NOT NULL,
  `prix` int(11) DEFAULT NULL,
  `place_dispo_pmr` int(11) NOT NULL,
  `place_dispo` int(11) NOT NULL
) ENGINE=InnoDB DEFAULT CHARSET=utf8mb4 COLLATE=utf8mb4_unicode_ci;

--
-- Dumping data for table `seance`
--

INSERT INTO `seance` (`id`, `film_id`, `cinema_id`, `heure_debut`, `heure_fin`, `qualite`, `salle_id`, `horaire_id`, `prix`, `place_dispo_pmr`, `place_dispo`) VALUES
(151, 126, 1, '09:00:00', '10:00:00', '4DX', 1, 1, 20, 5, 20),
(152, 126, 1, '13:00:00', '14:00:00', '4DX', 1, 3, 20, 5, 20),
(153, 126, 1, '15:00:00', '16:00:00', '4DX', 1, 4, 20, 5, 20),
(154, 126, 1, '11:00:00', '12:00:00', '4DX', 1, 7, 20, 5, 20),
(155, 126, 1, '17:00:00', '18:00:00', '4DX', 1, 10, 20, 5, 20),
(156, 126, 1, '09:00:00', '10:00:00', '4DX', 1, 11, 20, 5, 20),
(157, 126, 1, '11:00:00', '12:00:00', '4DX', 1, 12, 20, 5, 20),
(158, 126, 1, '15:00:00', '16:00:00', '4DX', 1, 14, 20, 5, 20),
(159, 126, 1, '13:00:00', '14:00:00', '4DX', 1, 18, 20, 5, 20),
(160, 126, 1, '17:00:00', '18:00:00', '4DX', 1, 20, 20, 5, 20),
(161, 126, 1, '15:00:00', '16:00:00', '4DX', 1, 24, 20, 5, 20),
(162, 126, 1, '15:00:00', '16:00:00', '4DX', 1, 29, 20, 5, 20),
(163, 126, 1, '09:00:00', '10:00:00', '4DX', 1, 31, 20, 5, 20),
(164, 126, 1, '11:00:00', '12:00:00', '4DX', 1, 32, 20, 5, 15),
(165, 126, 1, '15:00:00', '16:00:00', '4DX', 1, 34, 20, 5, 20),
(166, 127, 2, '11:00:00', '12:00:00', '4DX', 6, 177, 20, 5, 15),
(167, 127, 2, '15:00:00', '16:00:00', '4DX', 6, 179, 20, 5, 15),
(168, 127, 2, '09:00:00', '10:00:00', '4DX', 6, 181, 20, 5, 15),
(169, 127, 2, '15:00:00', '16:00:00', '4DX', 6, 184, 20, 5, 15),
(170, 127, 2, '11:00:00', '12:00:00', '4DX', 6, 187, 20, 5, 15),
(171, 127, 2, '17:00:00', '18:00:00', '4DX', 6, 190, 20, 5, 15),
(172, 127, 2, '15:00:00', '16:00:00', '4DX', 6, 194, 20, 5, 15),
(173, 127, 2, '11:00:00', '12:00:00', '4DX', 6, 202, 20, 5, 15),
(174, 127, 2, '09:00:00', '10:00:00', '4DX', 6, 206, 20, 5, 15),
(175, 127, 2, '13:00:00', '14:00:00', '4DX', 6, 208, 20, 5, 15),
(176, 127, 2, '15:00:00', '16:00:00', '4DX', 6, 209, 20, 5, 15),
(177, 127, 2, '17:00:00', '18:00:00', '4DX', 6, 210, 20, 5, 15),
(178, 128, 3, '13:00:00', '14:00:00', 'STANDARD', 11, 283, 20, 5, 25),
(179, 128, 3, '09:00:00', '10:00:00', 'STANDARD', 11, 286, 20, 5, 25),
(180, 128, 3, '09:00:00', '10:00:00', 'STANDARD', 11, 291, 20, 5, 25),
(181, 128, 3, '13:00:00', '14:00:00', 'STANDARD', 11, 298, 20, 5, 25),
(182, 128, 3, '09:00:00', '10:00:00', 'STANDARD', 11, 301, 20, 5, 25),
(183, 128, 3, '13:00:00', '14:00:00', 'STANDARD', 11, 308, 20, 5, 25),
(184, 128, 3, '13:00:00', '14:00:00', 'STANDARD', 11, 313, 20, 5, 25),
(185, 128, 3, '15:00:00', '16:00:00', 'STANDARD', 11, 314, 20, 5, 25),
(186, 129, 4, '11:00:00', '12:00:00', 'STANDARD', 16, 387, 20, 5, 40),
(187, 129, 4, '15:00:00', '16:00:00', 'STANDARD', 16, 389, 20, 5, 40),
(188, 129, 4, '11:00:00', '12:00:00', 'STANDARD', 16, 392, 20, 5, 40),
(189, 129, 4, '09:00:00', '10:00:00', 'STANDARD', 16, 396, 20, 5, 40),
(190, 129, 4, '11:00:00', '12:00:00', 'STANDARD', 16, 397, 20, 5, 40),
(191, 129, 4, '15:00:00', '16:00:00', 'STANDARD', 16, 399, 20, 5, 40),
(192, 129, 4, '09:00:00', '10:00:00', 'STANDARD', 16, 401, 20, 5, 40),
(193, 129, 4, '13:00:00', '14:00:00', 'STANDARD', 16, 403, 20, 5, 40),
(194, 129, 4, '09:00:00', '10:00:00', 'STANDARD', 16, 406, 20, 5, 40),
(195, 129, 4, '17:00:00', '18:00:00', 'STANDARD', 16, 410, 20, 5, 40),
(196, 129, 4, '11:00:00', '12:00:00', 'STANDARD', 16, 412, 20, 5, 40),
(197, 129, 4, '13:00:00', '14:00:00', 'STANDARD', 16, 413, 20, 5, 40),
(198, 129, 4, '11:00:00', '12:00:00', 'STANDARD', 16, 417, 20, 5, 40),
(199, 129, 4, '15:00:00', '16:00:00', 'STANDARD', 16, 419, 20, 5, 40),
(200, 129, 4, '17:00:00', '18:00:00', 'STANDARD', 16, 420, 20, 5, 40),
(201, 130, 5, '11:00:00', '12:00:00', '3D', 21, 457, 20, 5, 40),
(202, 130, 5, '13:00:00', '14:00:00', '3D', 21, 458, 20, 5, 40),
(203, 130, 5, '17:00:00', '18:00:00', '3D', 21, 460, 20, 5, 40),
(204, 130, 5, '09:00:00', '10:00:00', '3D', 21, 461, 20, 5, 40),
(205, 130, 5, '15:00:00', '16:00:00', '3D', 21, 464, 20, 5, 40),
(206, 130, 5, '11:00:00', '12:00:00', '3D', 21, 467, 20, 5, 40),
(207, 130, 5, '15:00:00', '16:00:00', '3D', 21, 469, 20, 5, 40),
(208, 130, 5, '13:00:00', '14:00:00', '3D', 21, 473, 20, 5, 40),
(209, 130, 5, '17:00:00', '18:00:00', '3D', 21, 475, 20, 5, 40),
(210, 130, 5, '09:00:00', '10:00:00', '3D', 21, 476, 20, 5, 40),
(211, 130, 5, '17:00:00', '18:00:00', '3D', 21, 480, 20, 5, 40),
(212, 130, 5, '13:00:00', '14:00:00', '3D', 21, 483, 20, 5, 40),
(213, 130, 5, '17:00:00', '18:00:00', '3D', 21, 485, 20, 5, 40),
(214, 130, 5, '13:00:00', '14:00:00', '3D', 21, 488, 20, 5, 40),
(215, 130, 5, '15:00:00', '16:00:00', '3D', 21, 489, 20, 5, 40),
(216, 130, 5, '22:00:00', '23:00:00', '3D', 21, 773, 20, 5, 40),
(217, 131, 6, '09:00:00', '10:00:00', 'STANDARD', 24, 561, 20, 5, 20),
(218, 131, 6, '13:00:00', '14:00:00', 'STANDARD', 24, 563, 20, 5, 20),
(219, 131, 6, '15:00:00', '16:00:00', 'STANDARD', 24, 564, 20, 5, 20),
(220, 131, 6, '13:00:00', '14:00:00', 'STANDARD', 24, 568, 20, 5, 20),
(221, 131, 6, '15:00:00', '16:00:00', 'STANDARD', 24, 569, 20, 5, 20),
(222, 131, 6, '17:00:00', '18:00:00', 'STANDARD', 24, 570, 20, 5, 20),
(223, 131, 6, '09:00:00', '10:00:00', 'STANDARD', 24, 571, 20, 5, 20),
(224, 131, 6, '15:00:00', '16:00:00', 'STANDARD', 24, 574, 20, 5, 20),
(225, 131, 6, '13:00:00', '14:00:00', 'STANDARD', 24, 578, 20, 5, 20),
(226, 131, 6, '17:00:00', '18:00:00', 'STANDARD', 24, 580, 20, 5, 20),
(227, 131, 6, '13:00:00', '14:00:00', 'STANDARD', 24, 583, 20, 5, 20),
(228, 131, 6, '17:00:00', '18:00:00', 'STANDARD', 24, 585, 20, 5, 20),
(229, 131, 6, '11:00:00', '12:00:00', 'STANDARD', 24, 587, 20, 5, 20),
(230, 131, 6, '13:00:00', '14:00:00', 'STANDARD', 24, 588, 20, 5, 20),
(231, 131, 6, '15:00:00', '16:00:00', 'STANDARD', 24, 589, 20, 5, 20),
(232, 131, 6, '09:00:00', '10:00:00', 'STANDARD', 24, 591, 20, 5, 20),
(233, 131, 6, '11:00:00', '12:00:00', 'STANDARD', 24, 592, 20, 5, 20),
(234, 131, 6, '13:00:00', '14:00:00', 'STANDARD', 24, 593, 20, 5, 20),
(235, 131, 6, '17:00:00', '18:00:00', 'STANDARD', 24, 595, 20, 5, 20),
(236, 132, 7, '13:00:00', '14:00:00', '3D', 27, 703, 20, 5, 20),
(237, 132, 7, '15:00:00', '16:00:00', '3D', 27, 704, 20, 5, 20),
(238, 132, 7, '09:00:00', '10:00:00', '3D', 27, 706, 20, 5, 20),
(239, 132, 7, '13:00:00', '14:00:00', '3D', 27, 708, 20, 5, 20),
(240, 132, 7, '11:00:00', '12:00:00', '3D', 27, 712, 20, 5, 20),
(241, 132, 7, '09:00:00', '10:00:00', '3D', 27, 716, 20, 5, 20),
(242, 132, 7, '11:00:00', '12:00:00', '3D', 27, 717, 20, 5, 20),
(243, 132, 7, '11:00:00', '12:00:00', '3D', 27, 722, 20, 5, 20),
(244, 132, 7, '17:00:00', '18:00:00', '3D', 27, 725, 20, 5, 20),
(245, 132, 7, '09:00:00', '10:00:00', '3D', 27, 731, 20, 5, 20),
(246, 132, 7, '13:00:00', '14:00:00', '3D', 27, 733, 20, 5, 20),
(247, 132, 7, '17:00:00', '18:00:00', '3D', 27, 735, 20, 5, 20);

-- --------------------------------------------------------

--
-- Table structure for table `utilisateur`
--

CREATE TABLE `utilisateur` (
  `id` int(11) NOT NULL,
  `nom` varchar(255) COLLATE utf8mb4_unicode_ci NOT NULL,
  `prenom` varchar(255) COLLATE utf8mb4_unicode_ci NOT NULL,
  `mail` varchar(255) COLLATE utf8mb4_unicode_ci NOT NULL,
  `password` varchar(255) COLLATE utf8mb4_unicode_ci NOT NULL,
  `statut` json NOT NULL,
  `token` varchar(255) COLLATE utf8mb4_unicode_ci DEFAULT NULL
) ENGINE=InnoDB DEFAULT CHARSET=utf8mb4 COLLATE=utf8mb4_unicode_ci;

--
-- Dumping data for table `utilisateur`
--

INSERT INTO `utilisateur` (`id`, `nom`, `prenom`, `mail`, `password`, `statut`, `token`) VALUES
(1, 'Employe', 'Employe', 'employe@employe.fr', '$2y$13$OanBfkvL3TIOrVeQbmQt3OuWNMvVhvDzSQhCWxcTW7ulLpTafQKdi', '[\"ROLE_EMPLOYE\"]', NULL),
(2, 'Admin', 'Admin', 'admin@admin.fr', '$2y$13$NZzej3dh7Std8QMlv/h43OlxIE9xKXPjYbfCgkCXaKFLrrWJ8dDqS', '[\"ROLE_ADMIN\"]', NULL),
(3, 'Utilisateur', 'Utilisateur', 'user@user.fr', '$2y$13$reJnuuYJ/7hoJdXliFyUn.6WjCpePIaaGnkmL4YjZziXr5FGaqsH.', '[\"ROLE_CLIENT\"]', NULL),
(4, 'EMPLOYE', 'EMPLOYE', 'employe1@employe.fr', '$2y$13$ANKTfk21LCQGCGfWG6JboOzERs3XfDmSMbti.sI2s292O6bhwCt2C', '[\"ROLE_EMPLOYE\"]', NULL),
(5, 'EMPLOYE', 'EMPLOYE', 'employe2@employe.fr', '$2y$13$4y0YpR/LeM3Xhulhc3HNVO/tsg8mhtvDT8IcdZlCUEcmvk1qzetUC', '[\"ROLE_EMPLOYE\"]', NULL),
(6, 'ROBIN', 'Thomas', 'thomasbages@outlook.fr', '$2y$13$XMKyVKwouWqe0zHSQYF7luUFG/XYN8FQdS3MZv1TrsC.hv6HynJgO', '[\"ROLE_CLIENT\"]', NULL);

--
-- Indexes for dumped tables
--

--
-- Indexes for table `avis`
--
ALTER TABLE `avis`
  ADD PRIMARY KEY (`id`),
  ADD KEY `IDX_8F91ABF0FB88E14F` (`utilisateur_id`),
  ADD KEY `IDX_8F91ABF0567F5183` (`film_id`);

--
-- Indexes for table `cinema`
--
ALTER TABLE `cinema`
  ADD PRIMARY KEY (`id`);

--
-- Indexes for table `commande`
--
ALTER TABLE `commande`
  ADD PRIMARY KEY (`id`),
  ADD KEY `IDX_6EEAA67DFB88E14F` (`utilisateur_id`);

--
-- Indexes for table `diffusion`
--
ALTER TABLE `diffusion`
  ADD PRIMARY KEY (`id`),
  ADD KEY `IDX_5938415BC5C76018` (`cinemas_id`),
  ADD KEY `IDX_5938415B939610EE` (`films_id`);

--
-- Indexes for table `doctrine_migration_versions`
--
ALTER TABLE `doctrine_migration_versions`
  ADD PRIMARY KEY (`version`);

--
-- Indexes for table `film`
--
ALTER TABLE `film`
  ADD PRIMARY KEY (`id`);

--
-- Indexes for table `horaire`
--
ALTER TABLE `horaire`
  ADD PRIMARY KEY (`id`),
  ADD KEY `IDX_BBC83DB6DC304035` (`salle_id`);

--
-- Indexes for table `reservation`
--
ALTER TABLE `reservation`
  ADD PRIMARY KEY (`id`),
  ADD KEY `IDX_42C84955FB88E14F` (`utilisateur_id`),
  ADD KEY `IDX_42C84955E3797A94` (`seance_id`),
  ADD KEY `IDX_42C8495582EA2E54` (`commande_id`);

--
-- Indexes for table `salle`
--
ALTER TABLE `salle`
  ADD PRIMARY KEY (`id`),
  ADD KEY `IDX_4E977E5CB4CB84B6` (`cinema_id`);

--
-- Indexes for table `seance`
--
ALTER TABLE `seance`
  ADD PRIMARY KEY (`id`),
  ADD UNIQUE KEY `UNIQ_DF7DFD0E58C54515` (`horaire_id`),
  ADD KEY `IDX_DF7DFD0E567F5183` (`film_id`),
  ADD KEY `IDX_DF7DFD0EB4CB84B6` (`cinema_id`),
  ADD KEY `IDX_DF7DFD0EDC304035` (`salle_id`);

--
-- Indexes for table `utilisateur`
--
ALTER TABLE `utilisateur`
  ADD PRIMARY KEY (`id`);

--
-- AUTO_INCREMENT for dumped tables
--

--
-- AUTO_INCREMENT for table `avis`
--
ALTER TABLE `avis`
  MODIFY `id` int(11) NOT NULL AUTO_INCREMENT, AUTO_INCREMENT=11;

--
-- AUTO_INCREMENT for table `cinema`
--
ALTER TABLE `cinema`
  MODIFY `id` int(11) NOT NULL AUTO_INCREMENT, AUTO_INCREMENT=8;

--
-- AUTO_INCREMENT for table `commande`
--
ALTER TABLE `commande`
  MODIFY `id` int(11) NOT NULL AUTO_INCREMENT, AUTO_INCREMENT=110;

--
-- AUTO_INCREMENT for table `diffusion`
--
ALTER TABLE `diffusion`
  MODIFY `id` int(11) NOT NULL AUTO_INCREMENT, AUTO_INCREMENT=134;

--
-- AUTO_INCREMENT for table `film`
--
ALTER TABLE `film`
  MODIFY `id` int(11) NOT NULL AUTO_INCREMENT, AUTO_INCREMENT=133;

--
-- AUTO_INCREMENT for table `horaire`
--
ALTER TABLE `horaire`
  MODIFY `id` int(11) NOT NULL AUTO_INCREMENT, AUTO_INCREMENT=879;

--
-- AUTO_INCREMENT for table `reservation`
--
ALTER TABLE `reservation`
  MODIFY `id` int(11) NOT NULL AUTO_INCREMENT, AUTO_INCREMENT=35;

--
-- AUTO_INCREMENT for table `salle`
--
ALTER TABLE `salle`
  MODIFY `id` int(11) NOT NULL AUTO_INCREMENT, AUTO_INCREMENT=38;

--
-- AUTO_INCREMENT for table `seance`
--
ALTER TABLE `seance`
  MODIFY `id` int(11) NOT NULL AUTO_INCREMENT, AUTO_INCREMENT=248;

--
-- AUTO_INCREMENT for table `utilisateur`
--
ALTER TABLE `utilisateur`
  MODIFY `id` int(11) NOT NULL AUTO_INCREMENT, AUTO_INCREMENT=7;

--
-- Constraints for dumped tables
--

--
-- Constraints for table `avis`
--
ALTER TABLE `avis`
  ADD CONSTRAINT `FK_8F91ABF0567F5183` FOREIGN KEY (`film_id`) REFERENCES `film` (`id`),
  ADD CONSTRAINT `FK_8F91ABF0FB88E14F` FOREIGN KEY (`utilisateur_id`) REFERENCES `utilisateur` (`id`);

--
-- Constraints for table `commande`
--
ALTER TABLE `commande`
  ADD CONSTRAINT `FK_6EEAA67DFB88E14F` FOREIGN KEY (`utilisateur_id`) REFERENCES `utilisateur` (`id`);

--
-- Constraints for table `diffusion`
--
ALTER TABLE `diffusion`
  ADD CONSTRAINT `FK_5938415B939610EE` FOREIGN KEY (`films_id`) REFERENCES `film` (`id`),
  ADD CONSTRAINT `FK_5938415BC5C76018` FOREIGN KEY (`cinemas_id`) REFERENCES `cinema` (`id`);

--
-- Constraints for table `horaire`
--
ALTER TABLE `horaire`
  ADD CONSTRAINT `FK_BBC83DB6DC304035` FOREIGN KEY (`salle_id`) REFERENCES `salle` (`id`);

--
-- Constraints for table `reservation`
--
ALTER TABLE `reservation`
  ADD CONSTRAINT `FK_42C8495582EA2E54` FOREIGN KEY (`commande_id`) REFERENCES `commande` (`id`),
  ADD CONSTRAINT `FK_42C84955E3797A94` FOREIGN KEY (`seance_id`) REFERENCES `seance` (`id`),
  ADD CONSTRAINT `FK_42C84955FB88E14F` FOREIGN KEY (`utilisateur_id`) REFERENCES `utilisateur` (`id`);

--
-- Constraints for table `salle`
--
ALTER TABLE `salle`
  ADD CONSTRAINT `FK_4E977E5CB4CB84B6` FOREIGN KEY (`cinema_id`) REFERENCES `cinema` (`id`);

--
-- Constraints for table `seance`
--
ALTER TABLE `seance`
  ADD CONSTRAINT `FK_DF7DFD0E567F5183` FOREIGN KEY (`film_id`) REFERENCES `film` (`id`),
  ADD CONSTRAINT `FK_DF7DFD0E58C54515` FOREIGN KEY (`horaire_id`) REFERENCES `horaire` (`id`),
  ADD CONSTRAINT `FK_DF7DFD0EB4CB84B6` FOREIGN KEY (`cinema_id`) REFERENCES `cinema` (`id`),
  ADD CONSTRAINT `FK_DF7DFD0EDC304035` FOREIGN KEY (`salle_id`) REFERENCES `salle` (`id`);
COMMIT;

/*!40101 SET CHARACTER_SET_CLIENT=@OLD_CHARACTER_SET_CLIENT */;
/*!40101 SET CHARACTER_SET_RESULTS=@OLD_CHARACTER_SET_RESULTS */;
/*!40101 SET COLLATION_CONNECTION=@OLD_COLLATION_CONNECTION */;
